sample_accession	secondary_sample_accession	run_accession
SAMEA4717536	ERS2537683	ERR2622814
SAMEA4717537	ERS2537684	ERR2622815
SAMEA4717538	ERS2537685	ERR2622816
SAMEA4717539	ERS2537686	ERR2622817
SAMEA4717540	ERS2537687	ERR2622818
SAMEA4717541	ERS2537688	ERR2622819
SAMEA4717542	ERS2537689	ERR2622820
SAMEA4717543	ERS2537690	ERR2622821
SAMEA4717544	ERS2537691	ERR2622822
SAMEA4717545	ERS2537692	ERR2622823
SAMEA4717546	ERS2537693	ERR2622824
SAMEA4717547	ERS2537694	ERR2622825
SAMEA4717548	ERS2537695	ERR2622826
SAMEA4717549	ERS2537696	ERR2622827
SAMEA4717550	ERS2537697	ERR2622828
SAMEA4717551	ERS2537698	ERR2622829
SAMEA4717552	ERS2537699	ERR2622830
SAMEA4717553	ERS2537700	ERR2622831
SAMEA4717554	ERS2537701	ERR2622832
SAMEA4717555	ERS2537702	ERR2622833
SAMEA4717516	ERS2537663	ERR2622834
SAMEA4717517	ERS2537664	ERR2622835
SAMEA4717518	ERS2537665	ERR2622836
SAMEA4717519	ERS2537666	ERR2622837
SAMEA4717520	ERS2537667	ERR2622838
SAMEA4717521	ERS2537668	ERR2622839
SAMEA4717522	ERS2537669	ERR2622840
SAMEA4717523	ERS2537670	ERR2622841
SAMEA4717524	ERS2537671	ERR2622842
SAMEA4717525	ERS2537672	ERR2622843
SAMEA4717526	ERS2537673	ERR2622844
SAMEA4717527	ERS2537674	ERR2622845
SAMEA4717528	ERS2537675	ERR2622846
SAMEA4717529	ERS2537676	ERR2622847
SAMEA4717530	ERS2537677	ERR2622848
SAMEA4717531	ERS2537678	ERR2622849
SAMEA4717532	ERS2537679	ERR2622850
SAMEA4717533	ERS2537680	ERR2622851
SAMEA4717534	ERS2537681	ERR2622852
SAMEA4717535	ERS2537682	ERR2622853
SAMEA4717418	ERS2537565	ERR2622854
SAMEA4717496	ERS2537643	ERR2622855
SAMEA4717497	ERS2537644	ERR2622856
SAMEA4717498	ERS2537645	ERR2622857
SAMEA4717499	ERS2537646	ERR2622858
SAMEA4717500	ERS2537647	ERR2622859
SAMEA4717501	ERS2537648	ERR2622860
SAMEA4717502	ERS2537649	ERR2622861
SAMEA4717503	ERS2537650	ERR2622862
SAMEA4717504	ERS2537651	ERR2622863
SAMEA4717505	ERS2537652	ERR2622864
SAMEA4717506	ERS2537653	ERR2622865
SAMEA4717507	ERS2537654	ERR2622866
SAMEA4717508	ERS2537655	ERR2622867
SAMEA4717509	ERS2537656	ERR2622868
SAMEA4717510	ERS2537657	ERR2622869
SAMEA4717511	ERS2537658	ERR2622870
SAMEA4717513	ERS2537660	ERR2622871
SAMEA4717514	ERS2537661	ERR2622872
SAMEA4717515	ERS2537662	ERR2622873
SAMEA4717420	ERS2537567	ERR2622874
SAMEA4717512	ERS2537659	ERR2622875
SAMEA4717430	ERS2537577	ERR2622876
SAMEA4717431	ERS2537578	ERR2622877
SAMEA4717432	ERS2537579	ERR2622878
SAMEA4717433	ERS2537580	ERR2622879
SAMEA4717434	ERS2537581	ERR2622880
SAMEA4717436	ERS2537583	ERR2622881
SAMEA4717437	ERS2537584	ERR2622882
SAMEA4717438	ERS2537585	ERR2622883
SAMEA4717439	ERS2537586	ERR2622884
SAMEA4717440	ERS2537587	ERR2622885
SAMEA4717441	ERS2537588	ERR2622886
SAMEA4717442	ERS2537589	ERR2622887
SAMEA4717444	ERS2537591	ERR2622888
SAMEA4717446	ERS2537593	ERR2622889
SAMEA4717421	ERS2537568	ERR2622890
SAMEA4717448	ERS2537595	ERR2622891
SAMEA4717449	ERS2537596	ERR2622892
SAMEA4717450	ERS2537597	ERR2622893
SAMEA4717451	ERS2537598	ERR2622894
SAMEA4717452	ERS2537599	ERR2622895
SAMEA4717453	ERS2537600	ERR2622896
SAMEA4717454	ERS2537601	ERR2622897
SAMEA4717455	ERS2537602	ERR2622898
SAMEA4717456	ERS2537603	ERR2622899
SAMEA4717457	ERS2537604	ERR2622900
SAMEA4717458	ERS2537605	ERR2622901
SAMEA4717459	ERS2537606	ERR2622902
SAMEA4717477	ERS2537624	ERR2622903
SAMEA4717478	ERS2537625	ERR2622904
SAMEA4717479	ERS2537626	ERR2622905
SAMEA4717480	ERS2537627	ERR2622906
SAMEA4717435	ERS2537582	ERR2622907
SAMEA4717443	ERS2537590	ERR2622908
SAMEA4717445	ERS2537592	ERR2622909
SAMEA4717447	ERS2537594	ERR2622910
SAMEA4717470	ERS2537617	ERR2622911
SAMEA4717471	ERS2537618	ERR2622912
SAMEA4717472	ERS2537619	ERR2622913
SAMEA4717473	ERS2537620	ERR2622914
SAMEA4717474	ERS2537621	ERR2622915
SAMEA4717475	ERS2537622	ERR2622916
SAMEA4717476	ERS2537623	ERR2622917
SAMEA4717487	ERS2537634	ERR2622918
SAMEA4717488	ERS2537635	ERR2622919
SAMEA4717489	ERS2537636	ERR2622920
SAMEA4717490	ERS2537637	ERR2622921
SAMEA4717491	ERS2537638	ERR2622922
SAMEA4717492	ERS2537639	ERR2622923
SAMEA4717493	ERS2537640	ERR2622924
SAMEA4717494	ERS2537641	ERR2622925
SAMEA4717495	ERS2537642	ERR2622926
SAMEA4717481	ERS2537628	ERR2622927
SAMEA4717482	ERS2537629	ERR2622928
SAMEA4717483	ERS2537630	ERR2622929
SAMEA4717484	ERS2537631	ERR2622930
SAMEA4717485	ERS2537632	ERR2622931
SAMEA4717486	ERS2537633	ERR2622932
SAMEA4717460	ERS2537607	ERR2622933
SAMEA4717461	ERS2537608	ERR2622934
SAMEA4717462	ERS2537609	ERR2622935
SAMEA4717463	ERS2537610	ERR2622936
SAMEA4717464	ERS2537611	ERR2622937
SAMEA4717465	ERS2537612	ERR2622938
SAMEA4717466	ERS2537613	ERR2622939
SAMEA4717467	ERS2537614	ERR2622940
SAMEA4717468	ERS2537615	ERR2622941
SAMEA4717469	ERS2537616	ERR2622942
SAMEA4717556	ERS2537703	ERR2622943
SAMEA4717559	ERS2537706	ERR2622944
SAMEA4717562	ERS2537709	ERR2622945
SAMEA4717565	ERS2537712	ERR2622946
SAMEA4717568	ERS2537715	ERR2622947
SAMEA4717571	ERS2537718	ERR2622948
SAMEA4717429	ERS2537576	ERR2622949
SAMEA4717422	ERS2537569	ERR2622950
SAMEA4717424	ERS2537571	ERR2622951
SAMEA4717425	ERS2537572	ERR2622952
SAMEA4717426	ERS2537573	ERR2622953
SAMEA4717427	ERS2537574	ERR2622954
SAMEA4717428	ERS2537575	ERR2622955
SAMEA4717423	ERS2537570	ERR2622956
SAMEA4717557	ERS2537704	ERR2622957
SAMEA4717560	ERS2537707	ERR2622958
SAMEA4717563	ERS2537710	ERR2622959
SAMEA4717566	ERS2537713	ERR2622960
SAMEA4717569	ERS2537716	ERR2622961
SAMEA4717572	ERS2537719	ERR2622962
SAMEA4717558	ERS2537705	ERR2622963
SAMEA4717561	ERS2537708	ERR2622964
SAMEA4717564	ERS2537711	ERR2622965
SAMEA4717567	ERS2537714	ERR2622966
SAMEA4717570	ERS2537717	ERR2622967
SAMEA4717573	ERS2537720	ERR2622968
SAMEA4717419	ERS2537566	ERR2622969
SAMEA4717830	ERS2537977	ERR2622970
SAMEA4717831	ERS2537978	ERR2622971
SAMEA4717832	ERS2537979	ERR2622972
SAMEA4717833	ERS2537980	ERR2622973
SAMEA4717834	ERS2537981	ERR2622974
SAMEA4717835	ERS2537982	ERR2622975
SAMEA4717836	ERS2537983	ERR2622976
SAMEA4717837	ERS2537984	ERR2622977
SAMEA4717838	ERS2537985	ERR2622978
SAMEA4717839	ERS2537986	ERR2622979
SAMEA4717840	ERS2537987	ERR2622980
SAMEA4717841	ERS2537988	ERR2622981
SAMEA4717842	ERS2537989	ERR2622982
SAMEA4717843	ERS2537990	ERR2622983
SAMEA4717844	ERS2537991	ERR2622984
SAMEA4717845	ERS2537992	ERR2622985
SAMEA4717846	ERS2537993	ERR2622986
SAMEA4717847	ERS2537994	ERR2622987
SAMEA4717848	ERS2537995	ERR2622988
SAMEA4717849	ERS2537996	ERR2622989
SAMEA4717850	ERS2537997	ERR2622990
SAMEA4717851	ERS2537998	ERR2622991
SAMEA4717852	ERS2537999	ERR2622992
SAMEA4717853	ERS2538000	ERR2622993
SAMEA4717854	ERS2538001	ERR2622994
SAMEA4717855	ERS2538002	ERR2622995
SAMEA4717856	ERS2538003	ERR2622996
SAMEA4717857	ERS2538004	ERR2622997
SAMEA4717858	ERS2538005	ERR2622998
SAMEA4717859	ERS2538006	ERR2622999
SAMEA4717860	ERS2538007	ERR2623000
SAMEA4717861	ERS2538008	ERR2623001
SAMEA4717862	ERS2538009	ERR2623002
SAMEA4717863	ERS2538010	ERR2623003
SAMEA4717864	ERS2538011	ERR2623004
SAMEA4717865	ERS2538012	ERR2623005
SAMEA4717866	ERS2538013	ERR2623006
SAMEA4717867	ERS2538014	ERR2623007
SAMEA4717868	ERS2538015	ERR2623008
SAMEA4717869	ERS2538016	ERR2623009
SAMEA4717870	ERS2538017	ERR2623010
SAMEA4717871	ERS2538018	ERR2623011
SAMEA4717872	ERS2538019	ERR2623012
SAMEA4717873	ERS2538020	ERR2623013
SAMEA4717874	ERS2538021	ERR2623014
SAMEA4717875	ERS2538022	ERR2623015
SAMEA4717876	ERS2538023	ERR2623016
SAMEA4717877	ERS2538024	ERR2623017
SAMEA4717878	ERS2538025	ERR2623018
SAMEA4717879	ERS2538026	ERR2623019
SAMEA4717880	ERS2538027	ERR2623020
SAMEA4717881	ERS2538028	ERR2623021
SAMEA4717882	ERS2538029	ERR2623022
SAMEA4717883	ERS2538030	ERR2623023
SAMEA4717884	ERS2538031	ERR2623024
SAMEA4717885	ERS2538032	ERR2623025
SAMEA4717886	ERS2538033	ERR2623026
SAMEA4717887	ERS2538034	ERR2623027
SAMEA4717888	ERS2538035	ERR2623028
SAMEA4717889	ERS2538036	ERR2623029
SAMEA4717890	ERS2538037	ERR2623030
SAMEA4717891	ERS2538038	ERR2623031
SAMEA4717892	ERS2538039	ERR2623032
SAMEA4717893	ERS2538040	ERR2623033
SAMEA4717894	ERS2538041	ERR2623034
SAMEA4717895	ERS2538042	ERR2623035
SAMEA4717896	ERS2538043	ERR2623036
SAMEA4717897	ERS2538044	ERR2623037
SAMEA4717898	ERS2538045	ERR2623038
SAMEA4717899	ERS2538046	ERR2623039
SAMEA4717900	ERS2538047	ERR2623040
SAMEA4717901	ERS2538048	ERR2623041
SAMEA4717902	ERS2538049	ERR2623042
SAMEA4717903	ERS2538050	ERR2623043
SAMEA4717904	ERS2538051	ERR2623044
SAMEA4717905	ERS2538052	ERR2623045
SAMEA4717906	ERS2538053	ERR2623046
SAMEA4717907	ERS2538054	ERR2623047
SAMEA4717908	ERS2538055	ERR2623048
SAMEA4717909	ERS2538056	ERR2623049
SAMEA4717910	ERS2538057	ERR2623050
SAMEA4717911	ERS2538058	ERR2623051
SAMEA4717912	ERS2538059	ERR2623052
SAMEA4717913	ERS2538060	ERR2623053
SAMEA4717914	ERS2538061	ERR2623054
SAMEA4717915	ERS2538062	ERR2623055
SAMEA4717916	ERS2538063	ERR2623056
SAMEA4717917	ERS2538064	ERR2623057
SAMEA4717919	ERS2538065	ERR2623058
SAMEA4717920	ERS2538066	ERR2623059
SAMEA4717921	ERS2538067	ERR2623060
SAMEA4717922	ERS2538068	ERR2623061
SAMEA4717923	ERS2538069	ERR2623062
SAMEA4717924	ERS2538070	ERR2623063
SAMEA4717925	ERS2538071	ERR2623064
SAMEA4717926	ERS2538072	ERR2623065
SAMEA4717927	ERS2538073	ERR2623066
SAMEA4717928	ERS2538074	ERR2623067
SAMEA4717929	ERS2538075	ERR2623068
SAMEA4717930	ERS2538076	ERR2623069
SAMEA4717931	ERS2538077	ERR2623070
SAMEA4717932	ERS2538078	ERR2623071
SAMEA4717933	ERS2538079	ERR2623072
SAMEA4717934	ERS2538080	ERR2623073
SAMEA4717935	ERS2538081	ERR2623074
SAMEA4717936	ERS2538082	ERR2623075
SAMEA4717937	ERS2538083	ERR2623076
SAMEA4717938	ERS2538084	ERR2623077
SAMEA4717939	ERS2538085	ERR2623078
SAMEA4717940	ERS2538086	ERR2623079
SAMEA4717941	ERS2538087	ERR2623080
SAMEA4717942	ERS2538088	ERR2623081
SAMEA4717943	ERS2538089	ERR2623082
SAMEA4717944	ERS2538090	ERR2623083
SAMEA4717945	ERS2538091	ERR2623084
SAMEA4717946	ERS2538092	ERR2623085
SAMEA4717947	ERS2538093	ERR2623086
SAMEA4717948	ERS2538094	ERR2623087
SAMEA4717949	ERS2538095	ERR2623088
SAMEA4717950	ERS2538096	ERR2623089
SAMEA4717951	ERS2538097	ERR2623090
SAMEA4717952	ERS2538098	ERR2623091
SAMEA4717953	ERS2538099	ERR2623092
SAMEA4717954	ERS2538100	ERR2623093
SAMEA4717955	ERS2538101	ERR2623094
SAMEA4717956	ERS2538102	ERR2623095
SAMEA4717957	ERS2538103	ERR2623096
SAMEA4717958	ERS2538104	ERR2623097
SAMEA4717959	ERS2538105	ERR2623098
SAMEA4717960	ERS2538106	ERR2623099
SAMEA4717961	ERS2538107	ERR2623100
SAMEA4717962	ERS2538108	ERR2623101
SAMEA4717963	ERS2538109	ERR2623102
SAMEA4717964	ERS2538110	ERR2623103
SAMEA4717965	ERS2538111	ERR2623104
SAMEA4717966	ERS2538112	ERR2623105
SAMEA4717967	ERS2538113	ERR2623106
SAMEA4717968	ERS2538114	ERR2623107
SAMEA4717969	ERS2538115	ERR2623108
SAMEA4717970	ERS2538116	ERR2623109
SAMEA4717971	ERS2538117	ERR2623110
SAMEA4717972	ERS2538118	ERR2623111
SAMEA4717973	ERS2538119	ERR2623112
SAMEA4717974	ERS2538120	ERR2623113
SAMEA4717975	ERS2538121	ERR2623114
SAMEA4717976	ERS2538122	ERR2623115
SAMEA4717977	ERS2538123	ERR2623116
SAMEA4717978	ERS2538124	ERR2623117
SAMEA4717979	ERS2538125	ERR2623118
SAMEA4717980	ERS2538126	ERR2623119
SAMEA4717981	ERS2538127	ERR2623120
SAMEA4717982	ERS2538128	ERR2623121
SAMEA4717983	ERS2538129	ERR2623122
SAMEA4717984	ERS2538130	ERR2623123
SAMEA4717985	ERS2538131	ERR2623124
SAMEA4717986	ERS2538132	ERR2623125
SAMEA4717987	ERS2538133	ERR2623126
SAMEA4717988	ERS2538134	ERR2623127
SAMEA4717989	ERS2538135	ERR2623128
SAMEA4717990	ERS2538136	ERR2623129
SAMEA4717991	ERS2538137	ERR2623130
SAMEA4717992	ERS2538138	ERR2623131
SAMEA4717993	ERS2538139	ERR2623132
SAMEA4717994	ERS2538140	ERR2623133
SAMEA4717995	ERS2538141	ERR2623134
SAMEA4717996	ERS2538142	ERR2623135
SAMEA4717997	ERS2538143	ERR2623136
SAMEA4717998	ERS2538144	ERR2623137
SAMEA4717999	ERS2538145	ERR2623138
SAMEA4718000	ERS2538146	ERR2623139
SAMEA4718001	ERS2538147	ERR2623140
SAMEA4718002	ERS2538148	ERR2623141
SAMEA4718003	ERS2538149	ERR2623142
SAMEA4718004	ERS2538150	ERR2623143
SAMEA4718005	ERS2538151	ERR2623144
SAMEA4718006	ERS2538152	ERR2623145
SAMEA4718007	ERS2538153	ERR2623146
SAMEA4718008	ERS2538154	ERR2623147
SAMEA4718009	ERS2538155	ERR2623148
SAMEA4718010	ERS2538156	ERR2623149
SAMEA4718011	ERS2538157	ERR2623150
SAMEA4718012	ERS2538158	ERR2623151
SAMEA4718013	ERS2538159	ERR2623152
SAMEA4718014	ERS2538160	ERR2623153
SAMEA4718015	ERS2538161	ERR2623154
SAMEA4718016	ERS2538162	ERR2623155
SAMEA4718017	ERS2538163	ERR2623156
SAMEA4718018	ERS2538164	ERR2623157
SAMEA4718019	ERS2538165	ERR2623158
SAMEA4718020	ERS2538166	ERR2623159
SAMEA4718021	ERS2538167	ERR2623160
SAMEA4718022	ERS2538168	ERR2623161
SAMEA4718023	ERS2538169	ERR2623162
SAMEA4718024	ERS2538170	ERR2623163
SAMEA4718025	ERS2538171	ERR2623164
SAMEA4718026	ERS2538172	ERR2623165
SAMEA4718027	ERS2538173	ERR2623166
SAMEA4718028	ERS2538174	ERR2623167
SAMEA4718029	ERS2538175	ERR2623168
SAMEA4718030	ERS2538176	ERR2623169
SAMEA4718031	ERS2538177	ERR2623170
SAMEA4718032	ERS2538178	ERR2623171
SAMEA4718033	ERS2538179	ERR2623172
SAMEA4718034	ERS2538180	ERR2623173
SAMEA4718035	ERS2538181	ERR2623174
SAMEA4718036	ERS2538182	ERR2623175
SAMEA4718037	ERS2538183	ERR2623176
SAMEA4718038	ERS2538184	ERR2623177
SAMEA4718039	ERS2538185	ERR2623178
SAMEA4718040	ERS2538186	ERR2623179
SAMEA4718041	ERS2538187	ERR2623180
SAMEA4718042	ERS2538188	ERR2623181
SAMEA4718043	ERS2538189	ERR2623182
SAMEA4718044	ERS2538190	ERR2623183
SAMEA4718045	ERS2538191	ERR2623184
SAMEA4718046	ERS2538192	ERR2623185
SAMEA4718047	ERS2538193	ERR2623186
SAMEA4718048	ERS2538194	ERR2623187
SAMEA4718049	ERS2538195	ERR2623188
SAMEA4718050	ERS2538196	ERR2623189
SAMEA4718051	ERS2538197	ERR2623190
SAMEA4718052	ERS2538198	ERR2623191
SAMEA4718053	ERS2538199	ERR2623192
SAMEA4718054	ERS2538200	ERR2623193
SAMEA4718055	ERS2538201	ERR2623194
SAMEA4718056	ERS2538202	ERR2623195
SAMEA4718057	ERS2538203	ERR2623196
SAMEA4718058	ERS2538204	ERR2623197
SAMEA4718059	ERS2538205	ERR2623198
SAMEA4718060	ERS2538206	ERR2623199
SAMEA4718061	ERS2538207	ERR2623200
SAMEA4718062	ERS2538208	ERR2623201
SAMEA4718063	ERS2538209	ERR2623202
SAMEA4718064	ERS2538210	ERR2623203
SAMEA4718065	ERS2538211	ERR2623204
SAMEA4718066	ERS2538212	ERR2623205
SAMEA4718067	ERS2538213	ERR2623206
SAMEA4718068	ERS2538214	ERR2623207
SAMEA4718069	ERS2538215	ERR2623208
SAMEA4718070	ERS2538216	ERR2623209
SAMEA4718071	ERS2538217	ERR2623210
SAMEA4718072	ERS2538218	ERR2623211
SAMEA4718073	ERS2538219	ERR2623212
SAMEA4718074	ERS2538220	ERR2623213
SAMEA4718075	ERS2538221	ERR2623214
SAMEA4718076	ERS2538222	ERR2623215
SAMEA4718077	ERS2538223	ERR2623216
SAMEA4718078	ERS2538224	ERR2623217
SAMEA4718079	ERS2538225	ERR2623218
SAMEA4718080	ERS2538226	ERR2623219
SAMEA4718081	ERS2538227	ERR2623220
SAMEA4718082	ERS2538228	ERR2623221
SAMEA4718083	ERS2538229	ERR2623222
SAMEA4718084	ERS2538230	ERR2623223
SAMEA4718085	ERS2538231	ERR2623224
SAMEA4718086	ERS2538232	ERR2623225
SAMEA4718087	ERS2538233	ERR2623226
SAMEA4718088	ERS2538234	ERR2623227
SAMEA4718089	ERS2538235	ERR2623228
SAMEA4718090	ERS2538236	ERR2623229
SAMEA4718091	ERS2538237	ERR2623230
SAMEA4718092	ERS2538238	ERR2623231
SAMEA4718093	ERS2538239	ERR2623232
SAMEA4718094	ERS2538240	ERR2623233
SAMEA4718095	ERS2538241	ERR2623234
SAMEA4718096	ERS2538242	ERR2623235
SAMEA4718097	ERS2538243	ERR2623236
SAMEA4718098	ERS2538244	ERR2623237
SAMEA4718099	ERS2538245	ERR2623238
SAMEA4718100	ERS2538246	ERR2623239
SAMEA4718101	ERS2538247	ERR2623240
SAMEA4718102	ERS2538248	ERR2623241
SAMEA4718103	ERS2538249	ERR2623242
SAMEA4718104	ERS2538250	ERR2623243
SAMEA4718105	ERS2538251	ERR2623244
SAMEA4718106	ERS2538252	ERR2623245
SAMEA4718107	ERS2538253	ERR2623246
SAMEA4718108	ERS2538254	ERR2623247
SAMEA4718109	ERS2538255	ERR2623248
SAMEA4718110	ERS2538256	ERR2623249
SAMEA4718111	ERS2538257	ERR2623250
SAMEA4718112	ERS2538258	ERR2623251
SAMEA4718113	ERS2538259	ERR2623252
SAMEA4718114	ERS2538260	ERR2623253
SAMEA4718115	ERS2538261	ERR2623254
SAMEA4718116	ERS2538262	ERR2623255
SAMEA4718117	ERS2538263	ERR2623256
SAMEA4718118	ERS2538264	ERR2623257
SAMEA4718119	ERS2538265	ERR2623258
SAMEA4718120	ERS2538266	ERR2623259
SAMEA4718121	ERS2538267	ERR2623260
SAMEA4718122	ERS2538268	ERR2623261
SAMEA4718123	ERS2538269	ERR2623262
SAMEA4718124	ERS2538270	ERR2623263
SAMEA4718125	ERS2538271	ERR2623264
SAMEA4718126	ERS2538272	ERR2623265
SAMEA4718127	ERS2538273	ERR2623266
SAMEA4718128	ERS2538274	ERR2623267
SAMEA4718129	ERS2538275	ERR2623268
SAMEA4718130	ERS2538276	ERR2623269
SAMEA4718131	ERS2538277	ERR2623270
SAMEA4718132	ERS2538278	ERR2623271
SAMEA4718133	ERS2538279	ERR2623272
SAMEA4718134	ERS2538280	ERR2623273
SAMEA4718135	ERS2538281	ERR2623274
SAMEA4718136	ERS2538282	ERR2623275
SAMEA4718137	ERS2538283	ERR2623276
SAMEA4718138	ERS2538284	ERR2623277
SAMEA4718139	ERS2538285	ERR2623278
SAMEA4718140	ERS2538286	ERR2623279
SAMEA4718141	ERS2538287	ERR2623280
SAMEA4718142	ERS2538288	ERR2623281
SAMEA4718143	ERS2538289	ERR2623282
SAMEA4718144	ERS2538290	ERR2623283
SAMEA4718145	ERS2538291	ERR2623284
SAMEA4718146	ERS2538292	ERR2623285
SAMEA4718147	ERS2538293	ERR2623286
SAMEA4718148	ERS2538294	ERR2623287
SAMEA4718149	ERS2538295	ERR2623288
SAMEA4718150	ERS2538296	ERR2623289
SAMEA4718151	ERS2538297	ERR2623290
SAMEA4718152	ERS2538298	ERR2623291
SAMEA4718153	ERS2538299	ERR2623292
SAMEA4718154	ERS2538300	ERR2623293
SAMEA4718155	ERS2538301	ERR2623294
SAMEA4718156	ERS2538302	ERR2623295
SAMEA4718157	ERS2538303	ERR2623296
SAMEA4718158	ERS2538304	ERR2623297
SAMEA4718159	ERS2538305	ERR2623298
SAMEA4718160	ERS2538306	ERR2623299
SAMEA4718161	ERS2538307	ERR2623300
SAMEA4718162	ERS2538308	ERR2623301
SAMEA4718163	ERS2538309	ERR2623302
SAMEA4718164	ERS2538310	ERR2623303
SAMEA4718165	ERS2538311	ERR2623304
SAMEA4718166	ERS2538312	ERR2623305
SAMEA4718167	ERS2538313	ERR2623306
SAMEA4718168	ERS2538314	ERR2623307
SAMEA4718169	ERS2538315	ERR2623308
SAMEA4718170	ERS2538316	ERR2623309
SAMEA4718171	ERS2538317	ERR2623310
SAMEA4718172	ERS2538318	ERR2623311
SAMEA4718173	ERS2538319	ERR2623312
SAMEA4718174	ERS2538320	ERR2623313
SAMEA4718175	ERS2538321	ERR2623314
SAMEA4718176	ERS2538322	ERR2623315
SAMEA4718177	ERS2538323	ERR2623316
SAMEA4718178	ERS2538324	ERR2623317
SAMEA4718179	ERS2538325	ERR2623318
SAMEA4718180	ERS2538326	ERR2623319
SAMEA4718181	ERS2538327	ERR2623320
SAMEA4718182	ERS2538328	ERR2623321
SAMEA4718183	ERS2538329	ERR2623322
SAMEA4718184	ERS2538330	ERR2623323
SAMEA4718185	ERS2538331	ERR2623324
SAMEA4718186	ERS2538332	ERR2623325
SAMEA4718187	ERS2538333	ERR2623326
SAMEA4718188	ERS2538334	ERR2623327
SAMEA4718189	ERS2538335	ERR2623328
SAMEA4718190	ERS2538336	ERR2623329
SAMEA4718191	ERS2538337	ERR2623330
SAMEA4718192	ERS2538338	ERR2623331
SAMEA4718193	ERS2538339	ERR2623332
SAMEA4718194	ERS2538340	ERR2623333
SAMEA4718195	ERS2538341	ERR2623334
SAMEA4718196	ERS2538342	ERR2623335
SAMEA4718197	ERS2538343	ERR2623336
SAMEA4718198	ERS2538344	ERR2623337
SAMEA4718199	ERS2538345	ERR2623338
SAMEA4718200	ERS2538346	ERR2623339
SAMEA4718201	ERS2538347	ERR2623340
SAMEA4718202	ERS2538348	ERR2623341
SAMEA4718203	ERS2538349	ERR2623342
SAMEA4718204	ERS2538350	ERR2623343
SAMEA4718205	ERS2538351	ERR2623344
SAMEA4718206	ERS2538352	ERR2623345
SAMEA4718207	ERS2538353	ERR2623346
SAMEA4718208	ERS2538354	ERR2623347
SAMEA4718209	ERS2538355	ERR2623348
SAMEA4718210	ERS2538356	ERR2623349
SAMEA4718211	ERS2538357	ERR2623350
SAMEA4718212	ERS2538358	ERR2623351
SAMEA4718213	ERS2538359	ERR2623352
SAMEA4718214	ERS2538360	ERR2623353
SAMEA4718215	ERS2538361	ERR2623354
SAMEA4718216	ERS2538362	ERR2623355
SAMEA4718217	ERS2538363	ERR2623356
SAMEA4718218	ERS2538364	ERR2623357
SAMEA4718219	ERS2538365	ERR2623358
SAMEA4718220	ERS2538366	ERR2623359
SAMEA4718221	ERS2538367	ERR2623360
SAMEA4718222	ERS2538368	ERR2623361
SAMEA4718223	ERS2538369	ERR2623362
SAMEA4718224	ERS2538370	ERR2623363
SAMEA4718225	ERS2538371	ERR2623364
SAMEA4718226	ERS2538372	ERR2623365
SAMEA4718227	ERS2538373	ERR2623366
SAMEA4718228	ERS2538374	ERR2623367
SAMEA4718229	ERS2538375	ERR2623368
SAMEA4718230	ERS2538376	ERR2623369
SAMEA4718231	ERS2538377	ERR2623370
SAMEA4718232	ERS2538378	ERR2623371
SAMEA4718233	ERS2538379	ERR2623372
SAMEA4718234	ERS2538380	ERR2623373
SAMEA4718235	ERS2538381	ERR2623374
SAMEA4718236	ERS2538382	ERR2623375
SAMEA4718237	ERS2538383	ERR2623376
SAMEA4718238	ERS2538384	ERR2623377
SAMEA4718239	ERS2538385	ERR2623378
SAMEA4718240	ERS2538386	ERR2623379
SAMEA4718241	ERS2538387	ERR2623380
SAMEA4718242	ERS2538388	ERR2623381
SAMEA4718243	ERS2538389	ERR2623382
SAMEA4718244	ERS2538390	ERR2623383
SAMEA4718245	ERS2538391	ERR2623384
SAMEA4718246	ERS2538392	ERR2623385
SAMEA4718247	ERS2538393	ERR2623386
SAMEA4718248	ERS2538394	ERR2623387
SAMEA4718249	ERS2538395	ERR2623388
SAMEA4718250	ERS2538396	ERR2623389
SAMEA4718251	ERS2538397	ERR2623390
SAMEA4718252	ERS2538398	ERR2623391
SAMEA4718253	ERS2538399	ERR2623392
SAMEA4718254	ERS2538400	ERR2623393
SAMEA4718255	ERS2538401	ERR2623394
SAMEA4718256	ERS2538402	ERR2623395
SAMEA4718257	ERS2538403	ERR2623396
SAMEA4718258	ERS2538404	ERR2623397
SAMEA4718259	ERS2538405	ERR2623398
SAMEA4718260	ERS2538406	ERR2623399
SAMEA4718261	ERS2538407	ERR2623400
SAMEA4718262	ERS2538408	ERR2623401
SAMEA4718263	ERS2538409	ERR2623402
SAMEA4718264	ERS2538410	ERR2623403
SAMEA4718265	ERS2538411	ERR2623404
SAMEA4718266	ERS2538412	ERR2623405
SAMEA4718267	ERS2538413	ERR2623406
SAMEA4718268	ERS2538414	ERR2623407
SAMEA4718269	ERS2538415	ERR2623408
SAMEA4718270	ERS2538416	ERR2623409
SAMEA4718271	ERS2538417	ERR2623410
SAMEA4718272	ERS2538418	ERR2623411
SAMEA4718273	ERS2538419	ERR2623412
SAMEA4718274	ERS2538420	ERR2623413
SAMEA4718275	ERS2538421	ERR2623414
SAMEA4718276	ERS2538422	ERR2623415
SAMEA4718277	ERS2538423	ERR2623416
SAMEA4718278	ERS2538424	ERR2623417
SAMEA4718279	ERS2538425	ERR2623418
SAMEA4718280	ERS2538426	ERR2623419
SAMEA4718281	ERS2538427	ERR2623420
SAMEA4718282	ERS2538428	ERR2623421
SAMEA4718283	ERS2538429	ERR2623422
SAMEA4718284	ERS2538430	ERR2623423
SAMEA4718285	ERS2538431	ERR2623424
SAMEA4718286	ERS2538432	ERR2623425
SAMEA4718287	ERS2538433	ERR2623426
SAMEA4718288	ERS2538434	ERR2623427
SAMEA4718289	ERS2538435	ERR2623428
SAMEA4718290	ERS2538436	ERR2623429
SAMEA4718291	ERS2538437	ERR2623430
SAMEA4718292	ERS2538438	ERR2623431
SAMEA4718293	ERS2538439	ERR2623432
SAMEA4718294	ERS2538440	ERR2623433
SAMEA4718295	ERS2538441	ERR2623434
SAMEA4718296	ERS2538442	ERR2623435
SAMEA4718297	ERS2538443	ERR2623436
SAMEA4718298	ERS2538444	ERR2623437
SAMEA4718299	ERS2538445	ERR2623438
SAMEA4718300	ERS2538446	ERR2623439
SAMEA4718301	ERS2538447	ERR2623440
SAMEA4718302	ERS2538448	ERR2623441
SAMEA4718303	ERS2538449	ERR2623442
SAMEA4718304	ERS2538450	ERR2623443
SAMEA4718305	ERS2538451	ERR2623444
SAMEA4718306	ERS2538452	ERR2623445
SAMEA4718307	ERS2538453	ERR2623446
SAMEA4718308	ERS2538454	ERR2623447
SAMEA4718309	ERS2538455	ERR2623448
SAMEA4718310	ERS2538456	ERR2623449
SAMEA4718311	ERS2538457	ERR2623450
SAMEA4718312	ERS2538458	ERR2623451
SAMEA4718313	ERS2538459	ERR2623452
SAMEA4718314	ERS2538460	ERR2623453
SAMEA4718315	ERS2538461	ERR2623454
SAMEA4718316	ERS2538462	ERR2623455
SAMEA4718317	ERS2538463	ERR2623456
SAMEA4718318	ERS2538464	ERR2623457
SAMEA4718319	ERS2538465	ERR2623458
SAMEA4718320	ERS2538466	ERR2623459
SAMEA4718321	ERS2538467	ERR2623460
SAMEA4718322	ERS2538468	ERR2623461
SAMEA4718323	ERS2538469	ERR2623462
SAMEA4718324	ERS2538470	ERR2623463
SAMEA4718325	ERS2538471	ERR2623464
SAMEA4718326	ERS2538472	ERR2623465
SAMEA4718327	ERS2538473	ERR2623466
SAMEA4718328	ERS2538474	ERR2623467
SAMEA4718329	ERS2538475	ERR2623468
SAMEA4718330	ERS2538476	ERR2623469
SAMEA4718331	ERS2538477	ERR2623470
SAMEA4718332	ERS2538478	ERR2623471
SAMEA4718333	ERS2538479	ERR2623472
SAMEA4718334	ERS2538480	ERR2623473
SAMEA4718335	ERS2538481	ERR2623474
SAMEA4718336	ERS2538482	ERR2623475
SAMEA4718337	ERS2538483	ERR2623476
SAMEA4718338	ERS2538484	ERR2623477
SAMEA4718339	ERS2538485	ERR2623478
SAMEA4718340	ERS2538486	ERR2623479
SAMEA4718341	ERS2538487	ERR2623480
SAMEA4718342	ERS2538488	ERR2623481
SAMEA4718343	ERS2538489	ERR2623482
SAMEA4718344	ERS2538490	ERR2623483
SAMEA4718345	ERS2538491	ERR2623484
SAMEA4718346	ERS2538492	ERR2623485
SAMEA4718347	ERS2538493	ERR2623486
SAMEA4718348	ERS2538494	ERR2623487
SAMEA4718349	ERS2538495	ERR2623488
SAMEA4718350	ERS2538496	ERR2623489
SAMEA4718351	ERS2538497	ERR2623490
SAMEA4718352	ERS2538498	ERR2623491
SAMEA4718353	ERS2538499	ERR2623492
SAMEA4718354	ERS2538500	ERR2623493
SAMEA4718355	ERS2538501	ERR2623494
SAMEA4718356	ERS2538502	ERR2623495
SAMEA4718357	ERS2538503	ERR2623496
SAMEA4718358	ERS2538504	ERR2623497
SAMEA4718359	ERS2538505	ERR2623498
SAMEA4718360	ERS2538506	ERR2623499
SAMEA4718361	ERS2538507	ERR2623500
SAMEA4718362	ERS2538508	ERR2623501
SAMEA4718363	ERS2538509	ERR2623502
SAMEA4718364	ERS2538510	ERR2623503
SAMEA4718365	ERS2538511	ERR2623504
SAMEA4718366	ERS2538512	ERR2623505
SAMEA4718367	ERS2538513	ERR2623506
SAMEA4718368	ERS2538514	ERR2623507
SAMEA4718369	ERS2538515	ERR2623508
SAMEA4718370	ERS2538516	ERR2623509
SAMEA4718371	ERS2538517	ERR2623510
SAMEA4718372	ERS2538518	ERR2623511
SAMEA4718373	ERS2538519	ERR2623512
SAMEA4718374	ERS2538520	ERR2623513
SAMEA4718375	ERS2538521	ERR2623514
SAMEA4718376	ERS2538522	ERR2623515
SAMEA4718377	ERS2538523	ERR2623516
SAMEA4718378	ERS2538524	ERR2623517
SAMEA4718379	ERS2538525	ERR2623518
SAMEA4718380	ERS2538526	ERR2623519
SAMEA4718381	ERS2538527	ERR2623520
SAMEA4718382	ERS2538528	ERR2623521
SAMEA4718383	ERS2538529	ERR2623522
SAMEA4718384	ERS2538530	ERR2623523
SAMEA4718385	ERS2538531	ERR2623524
SAMEA4718386	ERS2538532	ERR2623525
SAMEA4718387	ERS2538533	ERR2623526
SAMEA4718388	ERS2538534	ERR2623527
SAMEA4718389	ERS2538535	ERR2623528
SAMEA4718390	ERS2538536	ERR2623529
SAMEA4718391	ERS2538537	ERR2623530
SAMEA4718392	ERS2538538	ERR2623531
SAMEA4718393	ERS2538539	ERR2623532
SAMEA4718394	ERS2538540	ERR2623533
SAMEA4718395	ERS2538541	ERR2623534
SAMEA4718396	ERS2538542	ERR2623535
SAMEA4718397	ERS2538543	ERR2623536
SAMEA4718398	ERS2538544	ERR2623537
SAMEA4718399	ERS2538545	ERR2623538
SAMEA4718400	ERS2538546	ERR2623539
SAMEA4718401	ERS2538547	ERR2623540
SAMEA4718402	ERS2538548	ERR2623541
SAMEA4718403	ERS2538549	ERR2623542
SAMEA4718404	ERS2538550	ERR2623543
SAMEA4718405	ERS2538551	ERR2623544
SAMEA4718406	ERS2538552	ERR2623545
SAMEA4718407	ERS2538553	ERR2623546
SAMEA4718408	ERS2538554	ERR2623547
SAMEA4718409	ERS2538555	ERR2623548
SAMEA4718410	ERS2538556	ERR2623549
SAMEA4718411	ERS2538557	ERR2623550
SAMEA4718412	ERS2538558	ERR2623551
SAMEA4718413	ERS2538559	ERR2623552
SAMEA4718414	ERS2538560	ERR2623553
SAMEA4718415	ERS2538561	ERR2623554
SAMEA4718416	ERS2538562	ERR2623555
SAMEA4718417	ERS2538563	ERR2623556
SAMEA4718418	ERS2538564	ERR2623557
SAMEA4718419	ERS2538565	ERR2623558
SAMEA4718420	ERS2538566	ERR2623559
SAMEA4718421	ERS2538567	ERR2623560
SAMEA4718422	ERS2538568	ERR2623561
SAMEA4718423	ERS2538569	ERR2623562
SAMEA4718424	ERS2538570	ERR2623563
SAMEA4718425	ERS2538571	ERR2623564
SAMEA4718426	ERS2538572	ERR2623565
SAMEA4718427	ERS2538573	ERR2623566
SAMEA4718428	ERS2538574	ERR2623567
SAMEA4718429	ERS2538575	ERR2623568
SAMEA4718430	ERS2538576	ERR2623569
SAMEA4718431	ERS2538577	ERR2623570
SAMEA4718432	ERS2538578	ERR2623571
SAMEA4718433	ERS2538579	ERR2623572
SAMEA4718434	ERS2538580	ERR2623573
SAMEA4718435	ERS2538581	ERR2623574
SAMEA4718436	ERS2538582	ERR2623575
SAMEA4718437	ERS2538583	ERR2623576
SAMEA4718438	ERS2538584	ERR2623577
SAMEA4718439	ERS2538585	ERR2623578
SAMEA4718440	ERS2538586	ERR2623579
SAMEA4718441	ERS2538587	ERR2623580
SAMEA4718442	ERS2538588	ERR2623581
SAMEA4718443	ERS2538589	ERR2623582
SAMEA4718444	ERS2538590	ERR2623583
SAMEA4718445	ERS2538591	ERR2623584
SAMEA4718446	ERS2538592	ERR2623585
SAMEA4718447	ERS2538593	ERR2623586
SAMEA4718448	ERS2538594	ERR2623587
SAMEA4718449	ERS2538595	ERR2623588
SAMEA4718450	ERS2538596	ERR2623589
SAMEA4718451	ERS2538597	ERR2623590
SAMEA4718588	ERS2538734	ERR2623591
SAMEA4718589	ERS2538735	ERR2623592
SAMEA4718590	ERS2538736	ERR2623593
SAMEA4718591	ERS2538737	ERR2623594
SAMEA4718592	ERS2538738	ERR2623595
SAMEA4718593	ERS2538739	ERR2623596
SAMEA4718594	ERS2538740	ERR2623597
SAMEA4718595	ERS2538741	ERR2623598
SAMEA4718596	ERS2538742	ERR2623599
SAMEA4718597	ERS2538743	ERR2623600
SAMEA4718598	ERS2538744	ERR2623601
SAMEA4718599	ERS2538745	ERR2623602
SAMEA4718600	ERS2538746	ERR2623603
SAMEA4718601	ERS2538747	ERR2623604
SAMEA4718602	ERS2538748	ERR2623605
SAMEA4718603	ERS2538749	ERR2623606
SAMEA4718604	ERS2538750	ERR2623607
SAMEA4718605	ERS2538751	ERR2623608
SAMEA4718606	ERS2538752	ERR2623609
SAMEA4718607	ERS2538753	ERR2623610
SAMEA4718608	ERS2538754	ERR2623611
SAMEA4718609	ERS2538755	ERR2623612
SAMEA4718610	ERS2538756	ERR2623613
SAMEA4718611	ERS2538757	ERR2623614
SAMEA4718612	ERS2538758	ERR2623615
SAMEA4718613	ERS2538759	ERR2623616
SAMEA4718614	ERS2538760	ERR2623617
SAMEA4718615	ERS2538761	ERR2623618
SAMEA4718616	ERS2538762	ERR2623619
SAMEA4718617	ERS2538763	ERR2623620
SAMEA4718618	ERS2538764	ERR2623621
SAMEA4718619	ERS2538765	ERR2623622
SAMEA4718620	ERS2538766	ERR2623623
SAMEA4718621	ERS2538767	ERR2623624
SAMEA4718622	ERS2538768	ERR2623625
SAMEA4718623	ERS2538769	ERR2623626
SAMEA4718624	ERS2538770	ERR2623627
SAMEA4718625	ERS2538771	ERR2623628
SAMEA4718626	ERS2538772	ERR2623629
SAMEA4718627	ERS2538773	ERR2623630
SAMEA4718628	ERS2538774	ERR2623631
SAMEA4718629	ERS2538775	ERR2623632
SAMEA4718630	ERS2538776	ERR2623633
SAMEA4718631	ERS2538777	ERR2623634
SAMEA4718632	ERS2538778	ERR2623635
SAMEA4718633	ERS2538779	ERR2623636
SAMEA4718634	ERS2538780	ERR2623637
SAMEA4718635	ERS2538781	ERR2623638
SAMEA4718636	ERS2538782	ERR2623639
SAMEA4718637	ERS2538783	ERR2623640
SAMEA4718638	ERS2538784	ERR2623641
SAMEA4718639	ERS2538785	ERR2623642
SAMEA4718640	ERS2538786	ERR2623643
SAMEA4718641	ERS2538787	ERR2623644
SAMEA4718642	ERS2538788	ERR2623645
SAMEA4718643	ERS2538789	ERR2623646
SAMEA4718644	ERS2538790	ERR2623647
SAMEA4718645	ERS2538791	ERR2623648
SAMEA4718646	ERS2538792	ERR2623649
SAMEA4718647	ERS2538793	ERR2623650
SAMEA4718648	ERS2538794	ERR2623651
SAMEA4718649	ERS2538795	ERR2623652
SAMEA4718650	ERS2538796	ERR2623653
SAMEA4718651	ERS2538797	ERR2623654
SAMEA4718652	ERS2538798	ERR2623655
SAMEA4718653	ERS2538799	ERR2623656
SAMEA4718654	ERS2538800	ERR2623657
SAMEA4718655	ERS2538801	ERR2623658
SAMEA4718656	ERS2538802	ERR2623659
SAMEA4718657	ERS2538803	ERR2623660
SAMEA4718658	ERS2538804	ERR2623661
SAMEA4718659	ERS2538805	ERR2623662
SAMEA4718660	ERS2538806	ERR2623663
SAMEA4718661	ERS2538807	ERR2623664
SAMEA4718662	ERS2538808	ERR2623665
SAMEA4718663	ERS2538809	ERR2623666
SAMEA4718664	ERS2538810	ERR2623667
SAMEA4718665	ERS2538811	ERR2623668
SAMEA4718666	ERS2538812	ERR2623669
SAMEA4718667	ERS2538813	ERR2623670
SAMEA4718669	ERS2538814	ERR2623671
SAMEA4718670	ERS2538815	ERR2623672
SAMEA4718671	ERS2538816	ERR2623673
SAMEA4718672	ERS2538817	ERR2623674
SAMEA4718673	ERS2538818	ERR2623675
SAMEA4718674	ERS2538819	ERR2623676
SAMEA4718675	ERS2538820	ERR2623677
SAMEA4718676	ERS2538821	ERR2623678
SAMEA4718677	ERS2538822	ERR2623679
SAMEA4718678	ERS2538823	ERR2623680
SAMEA4718679	ERS2538824	ERR2623681
SAMEA4718680	ERS2538825	ERR2623682
SAMEA4718681	ERS2538826	ERR2623683
SAMEA4718682	ERS2538827	ERR2623684
SAMEA4718683	ERS2538828	ERR2623685
SAMEA4718684	ERS2538829	ERR2623686
SAMEA4718685	ERS2538830	ERR2623687
SAMEA4718686	ERS2538831	ERR2623688
SAMEA4718687	ERS2538832	ERR2623689
SAMEA4718688	ERS2538833	ERR2623690
SAMEA4718689	ERS2538834	ERR2623691
SAMEA4718690	ERS2538835	ERR2623692
SAMEA4718691	ERS2538836	ERR2623693
SAMEA4718692	ERS2538837	ERR2623694
SAMEA4718693	ERS2538838	ERR2623695
SAMEA4718694	ERS2538839	ERR2623696
SAMEA4718695	ERS2538840	ERR2623697
SAMEA4718696	ERS2538841	ERR2623698
SAMEA4718697	ERS2538842	ERR2623699
SAMEA4718698	ERS2538843	ERR2623700
SAMEA4718699	ERS2538844	ERR2623701
SAMEA4718700	ERS2538845	ERR2623702
SAMEA4718701	ERS2538846	ERR2623703
SAMEA4718702	ERS2538847	ERR2623704
SAMEA4718703	ERS2538848	ERR2623705
SAMEA4718704	ERS2538849	ERR2623706
SAMEA4718705	ERS2538850	ERR2623707
SAMEA4718706	ERS2538851	ERR2623708
SAMEA4718707	ERS2538852	ERR2623709
SAMEA4718708	ERS2538853	ERR2623710
SAMEA4718709	ERS2538854	ERR2623711
SAMEA4718710	ERS2538855	ERR2623712
SAMEA4718711	ERS2538856	ERR2623713
SAMEA4718712	ERS2538857	ERR2623714
SAMEA4718713	ERS2538858	ERR2623715
SAMEA4718714	ERS2538859	ERR2623716
SAMEA4718715	ERS2538860	ERR2623717
SAMEA4718716	ERS2538861	ERR2623718
SAMEA4718717	ERS2538862	ERR2623719
SAMEA4718718	ERS2538863	ERR2623720
SAMEA4718719	ERS2538864	ERR2623721
SAMEA4718720	ERS2538865	ERR2623722
SAMEA4718721	ERS2538866	ERR2623723
SAMEA4718722	ERS2538867	ERR2623724
SAMEA4718724	ERS2538869	ERR2623726
SAMEA4718725	ERS2538870	ERR2623727
SAMEA4718726	ERS2538871	ERR2623728
SAMEA4718727	ERS2538872	ERR2623729
SAMEA4718728	ERS2538873	ERR2623730
SAMEA4718729	ERS2538874	ERR2623731
SAMEA4718730	ERS2538875	ERR2623732
SAMEA4718731	ERS2538876	ERR2623733
SAMEA4718732	ERS2538877	ERR2623734
SAMEA4718733	ERS2538878	ERR2623735
SAMEA4718734	ERS2538879	ERR2623736
SAMEA4718735	ERS2538880	ERR2623737
SAMEA4718736	ERS2538881	ERR2623738
SAMEA4718737	ERS2538882	ERR2623739
SAMEA4718738	ERS2538883	ERR2623740
SAMEA4718739	ERS2538884	ERR2623741
SAMEA4718740	ERS2538885	ERR2623742
SAMEA4718741	ERS2538886	ERR2623743
SAMEA4718742	ERS2538887	ERR2623744
SAMEA4718743	ERS2538888	ERR2623745
SAMEA4718744	ERS2538889	ERR2623746
SAMEA4718745	ERS2538890	ERR2623747
SAMEA4718746	ERS2538891	ERR2623748
SAMEA4718747	ERS2538892	ERR2623749
SAMEA4718748	ERS2538893	ERR2623750
SAMEA4718749	ERS2538894	ERR2623751
SAMEA4718750	ERS2538895	ERR2623752
SAMEA4718751	ERS2538896	ERR2623753
SAMEA4718752	ERS2538897	ERR2623754
SAMEA4718753	ERS2538898	ERR2623755
SAMEA4718754	ERS2538899	ERR2623756
SAMEA4718755	ERS2538900	ERR2623757
SAMEA4718756	ERS2538901	ERR2623758
SAMEA4718757	ERS2538902	ERR2623759
SAMEA4718758	ERS2538903	ERR2623760
SAMEA4718759	ERS2538904	ERR2623761
SAMEA4718760	ERS2538905	ERR2623762
SAMEA4718761	ERS2538906	ERR2623763
SAMEA4718762	ERS2538907	ERR2623764
SAMEA4718763	ERS2538908	ERR2623765
SAMEA4718764	ERS2538909	ERR2623766
SAMEA4718765	ERS2538910	ERR2623767
SAMEA4718766	ERS2538911	ERR2623768
SAMEA4718767	ERS2538912	ERR2623769
SAMEA4718768	ERS2538913	ERR2623770
SAMEA4718769	ERS2538914	ERR2623771
SAMEA4718770	ERS2538915	ERR2623772
SAMEA4718771	ERS2538916	ERR2623773
SAMEA4718772	ERS2538917	ERR2623774
SAMEA4718773	ERS2538918	ERR2623775
SAMEA4718774	ERS2538919	ERR2623776
SAMEA4718775	ERS2538920	ERR2623777
SAMEA4718776	ERS2538921	ERR2623778
SAMEA4718777	ERS2538922	ERR2623779
SAMEA4718778	ERS2538923	ERR2623780
SAMEA4718779	ERS2538924	ERR2623781
SAMEA4718780	ERS2538925	ERR2623782
SAMEA4718781	ERS2538926	ERR2623783
SAMEA4718782	ERS2538927	ERR2623784
SAMEA4718783	ERS2538928	ERR2623785
SAMEA4718784	ERS2538929	ERR2623786
SAMEA4718785	ERS2538930	ERR2623787
SAMEA4718786	ERS2538931	ERR2623788
SAMEA4718787	ERS2538932	ERR2623789
SAMEA4718788	ERS2538933	ERR2623790
SAMEA4718789	ERS2538934	ERR2623791
SAMEA4718790	ERS2538935	ERR2623792
SAMEA4718791	ERS2538936	ERR2623793
SAMEA4718792	ERS2538937	ERR2623794
SAMEA4718794	ERS2538939	ERR2623796
SAMEA4718795	ERS2538940	ERR2623797
SAMEA4718796	ERS2538941	ERR2623798
SAMEA4718797	ERS2538942	ERR2623799
SAMEA4718798	ERS2538943	ERR2623800
SAMEA4718799	ERS2538944	ERR2623801
SAMEA4718800	ERS2538945	ERR2623802
SAMEA4718801	ERS2538946	ERR2623803
SAMEA4718802	ERS2538947	ERR2623804
SAMEA4718803	ERS2538948	ERR2623805
SAMEA4718804	ERS2538949	ERR2623806
SAMEA4718805	ERS2538950	ERR2623807
SAMEA4718806	ERS2538951	ERR2623808
SAMEA4718807	ERS2538952	ERR2623809
SAMEA4718808	ERS2538953	ERR2623810
SAMEA4718809	ERS2538954	ERR2623811
SAMEA4718810	ERS2538955	ERR2623812
SAMEA4718811	ERS2538956	ERR2623813
SAMEA4718812	ERS2538957	ERR2623814
SAMEA4718813	ERS2538958	ERR2623815
SAMEA4718814	ERS2538959	ERR2623816
SAMEA4718815	ERS2538960	ERR2623817
SAMEA4718816	ERS2538961	ERR2623818
SAMEA4718817	ERS2538962	ERR2623819
SAMEA4718818	ERS2538963	ERR2623820
SAMEA4718819	ERS2538964	ERR2623821
SAMEA4718820	ERS2538965	ERR2623822
SAMEA4718821	ERS2538966	ERR2623823
SAMEA4718822	ERS2538967	ERR2623824
SAMEA4718823	ERS2538968	ERR2623825
SAMEA4718824	ERS2538969	ERR2623826
SAMEA4718825	ERS2538970	ERR2623827
SAMEA4718826	ERS2538971	ERR2623828
SAMEA4718827	ERS2538972	ERR2623829
SAMEA4718828	ERS2538973	ERR2623830
SAMEA4718829	ERS2538974	ERR2623831
SAMEA4718830	ERS2538975	ERR2623832
SAMEA4718831	ERS2538976	ERR2623833
SAMEA4718832	ERS2538977	ERR2623834
SAMEA4718833	ERS2538978	ERR2623835
SAMEA4718834	ERS2538979	ERR2623836
SAMEA4718835	ERS2538980	ERR2623837
SAMEA4718836	ERS2538981	ERR2623838
SAMEA4718837	ERS2538982	ERR2623839
SAMEA4718838	ERS2538983	ERR2623840
SAMEA4718839	ERS2538984	ERR2623841
SAMEA4718840	ERS2538985	ERR2623842
SAMEA4718841	ERS2538986	ERR2623843
SAMEA4718842	ERS2538987	ERR2623844
SAMEA4718843	ERS2538988	ERR2623845
SAMEA4718844	ERS2538989	ERR2623846
SAMEA4718845	ERS2538990	ERR2623847
SAMEA4718846	ERS2538991	ERR2623848
SAMEA4718847	ERS2538992	ERR2623849
SAMEA4718848	ERS2538993	ERR2623850
SAMEA4718849	ERS2538994	ERR2623851
SAMEA4718850	ERS2538995	ERR2623852
SAMEA4718851	ERS2538996	ERR2623853
SAMEA4718852	ERS2538997	ERR2623854
SAMEA4718853	ERS2538998	ERR2623855
SAMEA4718854	ERS2538999	ERR2623856
SAMEA4718855	ERS2539000	ERR2623857
SAMEA4718856	ERS2539001	ERR2623858
SAMEA4718857	ERS2539002	ERR2623859
SAMEA4718858	ERS2539003	ERR2623860
SAMEA4718859	ERS2539004	ERR2623861
SAMEA4718860	ERS2539005	ERR2623862
SAMEA4718861	ERS2539006	ERR2623863
SAMEA4718862	ERS2539007	ERR2623864
SAMEA4718863	ERS2539008	ERR2623865
SAMEA4718864	ERS2539009	ERR2623866
SAMEA4718865	ERS2539010	ERR2623867
SAMEA4718866	ERS2539011	ERR2623868
SAMEA4718867	ERS2539012	ERR2623869
SAMEA4718868	ERS2539013	ERR2623870
SAMEA4718869	ERS2539014	ERR2623871
SAMEA4718870	ERS2539015	ERR2623872
SAMEA4718871	ERS2539016	ERR2623873
SAMEA4718872	ERS2539017	ERR2623874
SAMEA4718873	ERS2539018	ERR2623875
SAMEA4718874	ERS2539019	ERR2623876
SAMEA4718875	ERS2539020	ERR2623877
SAMEA4718876	ERS2539021	ERR2623878
SAMEA4718877	ERS2539022	ERR2623879
SAMEA4718878	ERS2539023	ERR2623880
SAMEA4718879	ERS2539024	ERR2623881
SAMEA4718881	ERS2539026	ERR2623883
SAMEA4718882	ERS2539027	ERR2623884
SAMEA4718883	ERS2539028	ERR2623885
SAMEA4718884	ERS2539029	ERR2623886
SAMEA4718885	ERS2539030	ERR2623887
SAMEA4718886	ERS2539031	ERR2623888
SAMEA4718887	ERS2539032	ERR2623889
SAMEA4718888	ERS2539033	ERR2623890
SAMEA4718889	ERS2539034	ERR2623891
SAMEA4718890	ERS2539035	ERR2623892
SAMEA4718891	ERS2539036	ERR2623893
SAMEA4718892	ERS2539037	ERR2623894
SAMEA4718893	ERS2539038	ERR2623895
SAMEA4718894	ERS2539039	ERR2623896
SAMEA4718895	ERS2539040	ERR2623897
SAMEA4718896	ERS2539041	ERR2623898
SAMEA4718897	ERS2539042	ERR2623899
SAMEA4718898	ERS2539043	ERR2623900
SAMEA4718899	ERS2539044	ERR2623901
SAMEA4718900	ERS2539045	ERR2623902
SAMEA4718901	ERS2539046	ERR2623903
SAMEA4718902	ERS2539047	ERR2623904
SAMEA4718903	ERS2539048	ERR2623905
SAMEA4718904	ERS2539049	ERR2623906
SAMEA4718905	ERS2539050	ERR2623907
SAMEA4718906	ERS2539051	ERR2623908
SAMEA4718907	ERS2539052	ERR2623909
SAMEA4718908	ERS2539053	ERR2623910
SAMEA4718909	ERS2539054	ERR2623911
SAMEA4718910	ERS2539055	ERR2623912
SAMEA4718911	ERS2539056	ERR2623913
SAMEA4718912	ERS2539057	ERR2623914
SAMEA4718913	ERS2539058	ERR2623915
SAMEA4718914	ERS2539059	ERR2623916
SAMEA4718915	ERS2539060	ERR2623917
SAMEA4718916	ERS2539061	ERR2623918
SAMEA4718917	ERS2539062	ERR2623919
SAMEA4718918	ERS2539063	ERR2623920
SAMEA4718919	ERS2539064	ERR2623921
SAMEA4718920	ERS2539065	ERR2623922
SAMEA4718921	ERS2539066	ERR2623923
SAMEA4718922	ERS2539067	ERR2623924
SAMEA4718923	ERS2539068	ERR2623925
SAMEA4718924	ERS2539069	ERR2623926
SAMEA4718925	ERS2539070	ERR2623927
SAMEA4718926	ERS2539071	ERR2623928
SAMEA4718927	ERS2539072	ERR2623929
SAMEA4718928	ERS2539073	ERR2623930
SAMEA4718929	ERS2539074	ERR2623931
SAMEA4718930	ERS2539075	ERR2623932
SAMEA4718931	ERS2539076	ERR2623933
SAMEA4718932	ERS2539077	ERR2623934
SAMEA4718933	ERS2539078	ERR2623935
SAMEA4718934	ERS2539079	ERR2623936
SAMEA4718935	ERS2539080	ERR2623937
SAMEA4718936	ERS2539081	ERR2623938
SAMEA4718937	ERS2539082	ERR2623939
SAMEA4718938	ERS2539083	ERR2623940
SAMEA4718939	ERS2539084	ERR2623941
SAMEA4718940	ERS2539085	ERR2623942
SAMEA4718941	ERS2539086	ERR2623943
SAMEA4718942	ERS2539087	ERR2623944
SAMEA4718943	ERS2539088	ERR2623945
SAMEA4718944	ERS2539089	ERR2623946
SAMEA4718945	ERS2539090	ERR2623947
SAMEA4718946	ERS2539091	ERR2623948
SAMEA4718947	ERS2539092	ERR2623949
SAMEA4718948	ERS2539093	ERR2623950
SAMEA4718949	ERS2539094	ERR2623951
SAMEA4718950	ERS2539095	ERR2623952
SAMEA4718951	ERS2539096	ERR2623953
SAMEA4718952	ERS2539097	ERR2623954
SAMEA4718953	ERS2539098	ERR2623955
SAMEA4718954	ERS2539099	ERR2623956
SAMEA4718955	ERS2539100	ERR2623957
SAMEA4718956	ERS2539101	ERR2623958
SAMEA4718957	ERS2539102	ERR2623959
SAMEA4718958	ERS2539103	ERR2623960
SAMEA4718959	ERS2539104	ERR2623961
SAMEA4718960	ERS2539105	ERR2623962
SAMEA4718961	ERS2539106	ERR2623963
SAMEA4718962	ERS2539107	ERR2623964
SAMEA4718963	ERS2539108	ERR2623965
SAMEA4718964	ERS2539109	ERR2623966
SAMEA4718965	ERS2539110	ERR2623967
SAMEA4718966	ERS2539111	ERR2623968
SAMEA4718967	ERS2539112	ERR2623969
SAMEA4718968	ERS2539113	ERR2623970
SAMEA4718969	ERS2539114	ERR2623971
SAMEA4718970	ERS2539115	ERR2623972
SAMEA4718971	ERS2539116	ERR2623973
SAMEA4718972	ERS2539117	ERR2623974
SAMEA4718973	ERS2539118	ERR2623975
SAMEA4718974	ERS2539119	ERR2623976
SAMEA4718975	ERS2539120	ERR2623977
SAMEA4718976	ERS2539121	ERR2623978
SAMEA4718977	ERS2539122	ERR2623979
SAMEA4718978	ERS2539123	ERR2623980
SAMEA4718979	ERS2539124	ERR2623981
SAMEA4718980	ERS2539125	ERR2623982
SAMEA4718981	ERS2539126	ERR2623983
SAMEA4718982	ERS2539127	ERR2623984
SAMEA4718983	ERS2539128	ERR2623985
SAMEA4718984	ERS2539129	ERR2623986
SAMEA4718985	ERS2539130	ERR2623987
SAMEA4718986	ERS2539131	ERR2623988
SAMEA4718987	ERS2539132	ERR2623989
SAMEA4718988	ERS2539133	ERR2623990
SAMEA4718989	ERS2539134	ERR2623991
SAMEA4718990	ERS2539135	ERR2623992
SAMEA4718991	ERS2539136	ERR2623993
SAMEA4718992	ERS2539137	ERR2623994
SAMEA4718993	ERS2539138	ERR2623995
SAMEA4718994	ERS2539139	ERR2623996
SAMEA4718995	ERS2539140	ERR2623997
SAMEA4718996	ERS2539141	ERR2623998
SAMEA4718997	ERS2539142	ERR2623999
SAMEA4718998	ERS2539143	ERR2624000
SAMEA4718999	ERS2539144	ERR2624001
SAMEA4719000	ERS2539145	ERR2624002
SAMEA4719001	ERS2539146	ERR2624003
SAMEA4719002	ERS2539147	ERR2624004
SAMEA4719003	ERS2539148	ERR2624005
SAMEA4719004	ERS2539149	ERR2624006
SAMEA4719005	ERS2539150	ERR2624007
SAMEA4719006	ERS2539151	ERR2624008
SAMEA4719007	ERS2539152	ERR2624009
SAMEA4719008	ERS2539153	ERR2624010
SAMEA4719009	ERS2539154	ERR2624011
SAMEA4719010	ERS2539155	ERR2624012
SAMEA4719011	ERS2539156	ERR2624013
SAMEA4719012	ERS2539157	ERR2624014
SAMEA4719013	ERS2539158	ERR2624015
SAMEA4719014	ERS2539159	ERR2624016
SAMEA4719015	ERS2539160	ERR2624017
SAMEA4719016	ERS2539161	ERR2624018
SAMEA4719017	ERS2539162	ERR2624019
SAMEA4719018	ERS2539163	ERR2624020
SAMEA4719019	ERS2539164	ERR2624021
SAMEA4719020	ERS2539165	ERR2624022
SAMEA4719021	ERS2539166	ERR2624023
SAMEA4719022	ERS2539167	ERR2624024
SAMEA4719023	ERS2539168	ERR2624025
SAMEA4719024	ERS2539169	ERR2624026
SAMEA4719025	ERS2539170	ERR2624027
SAMEA4719026	ERS2539171	ERR2624028
SAMEA4719027	ERS2539172	ERR2624029
SAMEA4719028	ERS2539173	ERR2624030
SAMEA4719029	ERS2539174	ERR2624031
SAMEA4719030	ERS2539175	ERR2624032
SAMEA4719031	ERS2539176	ERR2624033
SAMEA4719032	ERS2539177	ERR2624034
SAMEA4719033	ERS2539178	ERR2624035
SAMEA4719034	ERS2539179	ERR2624036
SAMEA4719035	ERS2539180	ERR2624037
SAMEA4719036	ERS2539181	ERR2624038
SAMEA4719037	ERS2539182	ERR2624039
SAMEA4719038	ERS2539183	ERR2624040
SAMEA4719039	ERS2539184	ERR2624041
SAMEA4719040	ERS2539185	ERR2624042
SAMEA4719041	ERS2539186	ERR2624043
SAMEA4719042	ERS2539187	ERR2624044
SAMEA4719043	ERS2539188	ERR2624045
SAMEA4719044	ERS2539189	ERR2624046
SAMEA4719045	ERS2539190	ERR2624047
SAMEA4719046	ERS2539191	ERR2624048
SAMEA4719047	ERS2539192	ERR2624049
SAMEA4719049	ERS2539194	ERR2624051
SAMEA4719050	ERS2539195	ERR2624052
SAMEA4719051	ERS2539196	ERR2624053
SAMEA4719052	ERS2539197	ERR2624054
SAMEA4719053	ERS2539198	ERR2624055
SAMEA4719054	ERS2539199	ERR2624056
SAMEA4719055	ERS2539200	ERR2624057
SAMEA4719056	ERS2539201	ERR2624058
SAMEA4719057	ERS2539202	ERR2624059
SAMEA4719058	ERS2539203	ERR2624060
SAMEA4719059	ERS2539204	ERR2624061
SAMEA4719060	ERS2539205	ERR2624062
SAMEA4719061	ERS2539206	ERR2624063
SAMEA4719062	ERS2539207	ERR2624064
SAMEA4719063	ERS2539208	ERR2624065
SAMEA4719064	ERS2539209	ERR2624066
SAMEA4719065	ERS2539210	ERR2624067
SAMEA4719066	ERS2539211	ERR2624068
SAMEA4719067	ERS2539212	ERR2624069
SAMEA4719068	ERS2539213	ERR2624070
SAMEA4719069	ERS2539214	ERR2624071
SAMEA4719070	ERS2539215	ERR2624072
SAMEA4719071	ERS2539216	ERR2624073
SAMEA4719072	ERS2539217	ERR2624074
SAMEA4719073	ERS2539218	ERR2624075
SAMEA4719074	ERS2539219	ERR2624076
SAMEA4719075	ERS2539220	ERR2624077
SAMEA4719076	ERS2539221	ERR2624078
SAMEA4719077	ERS2539222	ERR2624079
SAMEA4719078	ERS2539223	ERR2624080
SAMEA4719079	ERS2539224	ERR2624081
SAMEA4719080	ERS2539225	ERR2624082
SAMEA4719081	ERS2539226	ERR2624083
SAMEA4719082	ERS2539227	ERR2624084
SAMEA4719083	ERS2539228	ERR2624085
SAMEA4719084	ERS2539229	ERR2624086
SAMEA4719085	ERS2539230	ERR2624087
SAMEA4719086	ERS2539231	ERR2624088
SAMEA4719087	ERS2539232	ERR2624089
SAMEA4718452	ERS2538598	ERR2651393
SAMEA4718453	ERS2538599	ERR2651394
SAMEA4718454	ERS2538600	ERR2651395
SAMEA4718455	ERS2538601	ERR2651396
SAMEA4718456	ERS2538602	ERR2651397
SAMEA4718457	ERS2538603	ERR2651398
SAMEA4718458	ERS2538604	ERR2651399
SAMEA4718459	ERS2538605	ERR2651400
SAMEA4718460	ERS2538606	ERR2651401
SAMEA4718461	ERS2538607	ERR2651402
SAMEA4718462	ERS2538608	ERR2651403
SAMEA4718463	ERS2538609	ERR2651404
SAMEA4718464	ERS2538610	ERR2651405
SAMEA4718465	ERS2538611	ERR2651406
SAMEA4718466	ERS2538612	ERR2651407
SAMEA4718467	ERS2538613	ERR2651408
SAMEA4718468	ERS2538614	ERR2651409
SAMEA4718469	ERS2538615	ERR2651410
SAMEA4718470	ERS2538616	ERR2651411
SAMEA4718471	ERS2538617	ERR2651412
SAMEA4718472	ERS2538618	ERR2651413
SAMEA4718473	ERS2538619	ERR2651414
SAMEA4718474	ERS2538620	ERR2651415
SAMEA4718475	ERS2538621	ERR2651416
SAMEA4718476	ERS2538622	ERR2651417
SAMEA4718477	ERS2538623	ERR2651418
SAMEA4718478	ERS2538624	ERR2651419
SAMEA4718479	ERS2538625	ERR2651420
SAMEA4718480	ERS2538626	ERR2651421
SAMEA4718481	ERS2538627	ERR2651422
SAMEA4718482	ERS2538628	ERR2651423
SAMEA4718483	ERS2538629	ERR2651424
SAMEA4718484	ERS2538630	ERR2651425
SAMEA4718485	ERS2538631	ERR2651426
SAMEA4718486	ERS2538632	ERR2651427
SAMEA4718487	ERS2538633	ERR2651428
SAMEA4718488	ERS2538634	ERR2651429
SAMEA4718489	ERS2538635	ERR2651430
SAMEA4718490	ERS2538636	ERR2651431
SAMEA4718491	ERS2538637	ERR2651432
SAMEA4718492	ERS2538638	ERR2651433
SAMEA4718493	ERS2538639	ERR2651434
SAMEA4718494	ERS2538640	ERR2651435
SAMEA4718495	ERS2538641	ERR2651436
SAMEA4718497	ERS2538643	ERR2651437
SAMEA4718498	ERS2538644	ERR2651438
SAMEA4718499	ERS2538645	ERR2651439
SAMEA4718500	ERS2538646	ERR2651440
SAMEA4718502	ERS2538648	ERR2651441
SAMEA4718503	ERS2538649	ERR2651442
SAMEA4718504	ERS2538650	ERR2651443
SAMEA4718505	ERS2538651	ERR2651444
SAMEA4718506	ERS2538652	ERR2651445
SAMEA4718507	ERS2538653	ERR2651446
SAMEA4718508	ERS2538654	ERR2651447
SAMEA4718509	ERS2538655	ERR2651448
SAMEA4718510	ERS2538656	ERR2651449
SAMEA4718511	ERS2538657	ERR2651450
SAMEA4718512	ERS2538658	ERR2651451
SAMEA4718513	ERS2538659	ERR2651452
SAMEA4718514	ERS2538660	ERR2651453
SAMEA4718515	ERS2538661	ERR2651454
SAMEA4718516	ERS2538662	ERR2651455
SAMEA4718517	ERS2538663	ERR2651456
SAMEA4718518	ERS2538664	ERR2651457
SAMEA4718519	ERS2538665	ERR2651458
SAMEA4718520	ERS2538666	ERR2651459
SAMEA4718521	ERS2538667	ERR2651460
SAMEA4718522	ERS2538668	ERR2651461
SAMEA4718523	ERS2538669	ERR2651462
SAMEA4718524	ERS2538670	ERR2651463
SAMEA4718525	ERS2538671	ERR2651464
SAMEA4718526	ERS2538672	ERR2651465
SAMEA4718527	ERS2538673	ERR2651466
SAMEA4718528	ERS2538674	ERR2651467
SAMEA4718529	ERS2538675	ERR2651468
SAMEA4718530	ERS2538676	ERR2651469
SAMEA4718531	ERS2538677	ERR2651470
SAMEA4718532	ERS2538678	ERR2651471
SAMEA4718533	ERS2538679	ERR2651472
SAMEA4718534	ERS2538680	ERR2651473
SAMEA4718535	ERS2538681	ERR2651474
SAMEA4718536	ERS2538682	ERR2651475
SAMEA4718537	ERS2538683	ERR2651476
SAMEA4718538	ERS2538684	ERR2651477
SAMEA4718539	ERS2538685	ERR2651478
SAMEA4718540	ERS2538686	ERR2651479
SAMEA4718541	ERS2538687	ERR2651480
SAMEA4718542	ERS2538688	ERR2651481
SAMEA4718543	ERS2538689	ERR2651482
SAMEA4718544	ERS2538690	ERR2651483
SAMEA4718545	ERS2538691	ERR2651484
SAMEA4718546	ERS2538692	ERR2651485
SAMEA4718547	ERS2538693	ERR2651486
SAMEA4718548	ERS2538694	ERR2651487
SAMEA4718549	ERS2538695	ERR2651488
SAMEA4718550	ERS2538696	ERR2651489
SAMEA4718551	ERS2538697	ERR2651490
SAMEA4718552	ERS2538698	ERR2651491
SAMEA4718553	ERS2538699	ERR2651492
SAMEA4718554	ERS2538700	ERR2651493
SAMEA4718555	ERS2538701	ERR2651494
SAMEA4718556	ERS2538702	ERR2651495
SAMEA4718557	ERS2538703	ERR2651496
SAMEA4718558	ERS2538704	ERR2651497
SAMEA4718559	ERS2538705	ERR2651498
SAMEA4718560	ERS2538706	ERR2651499
SAMEA4718561	ERS2538707	ERR2651500
SAMEA4718562	ERS2538708	ERR2651501
SAMEA4718563	ERS2538709	ERR2651502
SAMEA4718564	ERS2538710	ERR2651503
SAMEA4718565	ERS2538711	ERR2651504
SAMEA4718566	ERS2538712	ERR2651505
SAMEA4718567	ERS2538713	ERR2651506
SAMEA4718568	ERS2538714	ERR2651507
SAMEA4718569	ERS2538715	ERR2651508
SAMEA4718570	ERS2538716	ERR2651509
SAMEA4718571	ERS2538717	ERR2651510
SAMEA4718572	ERS2538718	ERR2651511
SAMEA4718573	ERS2538719	ERR2651512
SAMEA4718574	ERS2538720	ERR2651513
SAMEA4718575	ERS2538721	ERR2651514
SAMEA4718576	ERS2538722	ERR2651515
SAMEA4718577	ERS2538723	ERR2651516
SAMEA4718578	ERS2538724	ERR2651517
SAMEA4718579	ERS2538725	ERR2651518
SAMEA4718580	ERS2538726	ERR2651519
SAMEA4718581	ERS2538727	ERR2651520
SAMEA4718582	ERS2538728	ERR2651521
SAMEA4718583	ERS2538729	ERR2651522
SAMEA4718584	ERS2538730	ERR2651523
SAMEA4718585	ERS2538731	ERR2651524
SAMEA4718586	ERS2538732	ERR2651525
SAMEA4718587	ERS2538733	ERR2651526
